Code,UiFile,Kor,Eng,Arg
10001,Font,굴림체,Tahoma,Arial
10002,Size,12,14,16
20001,Login.ui,로그인,LOGIN,LOGIN
20002,Login.ui,아이디,Account,Account
20003,Login.ui,패스워드,Password,Password
30001,ChoiceTrio.ui,게임옵션,Game Option,Game Option
30002,ChoiceTrio.ui,게임종료,Quit,Quit
30003,ChoiceTrio.ui,최종 삭제일,The latest deleted,The latest deleted
30004,ChoiceTrio.ui,최근 접속일,The latest connected,The latest connected
30005,ChoiceTrio.ui,코인,Coins,Coins
30006,ChoiceTrio.ui,포인트,Points,Points
30007,ChoiceTrio.ui,크레딧,Credits,Credits
30008,ChoiceTrio.ui,캐릭터를 삭제 하시겠습니니까?\주민번호 뒷자리(7자리)를 입력하여주세요,"Are you sure want to delete character? \ Please, Input the password.","Are you sure want to delete character? \ Please, Input the password."
40001,Choice.ui,초대 하기,Invite,Invite
40002,Choice.ui,메시지 입력,Message,Message
40003,Choice.ui,포지션,Position,Position
40004,Choice.ui,레벨,Lv.,Lv.
40005,Choice.ui,캐릭터명,Name,Name
40006,Choice.ui,멘트,Comment,Comment
50001,ChoiceClass.ui,이전화면,Back,Back
50002,ChoiceClass.ui,튜토리얼,Tutorial,Tutorial
50003,ChoiceClass.ui,Exp,EXP,EXP
50004,ChoiceClass.ui,『%s』님 경기는 어땠나요?\옆에서 지켜보니 정말 멋있게 해내던데요!! 이제 전직을 해보도록 해요.\자신의 포지션과 특성을 결정하는 일이죠. 제가 지난 경기 분석을 가져왔어요.,"『%s』, How was the match?\You are doing well!! Let's select position. It's to decide the position and characteristic.\This is the analysis for your past match.","『%s』, How was the match?\You are doing well!! Let's select position. It's to decide the position and characteristic.\This is the analysis for your past match."
50005,ChoiceClass.ui,『%s』님은 슛에 일가견이 있으시네요!\FW 포지션이 어떠신가요? 공격을 전담해서 골을 기록하는 포지션이죠. 멋지지 않나요?,"『%s』, What a nice shot!\Do you like FW position? It's the position to make the goal. Isn't nice?","『%s』, What a nice shot!\Do you like FW position? It's the position to make the goal. Isn't nice?"
50006,ChoiceClass.ui,『%s』님은 패스에 일가견이 있으시네요!\MF 포지션이 어떠신가요? 팀의 공격과 수비 모두에 관여하는 똑똑한 살림꾼 역할이죠?,"『%s』, What a nice pass!\Do you lke MF position? This position involved in both Striker & Defender positions.","『%s』, What a nice pass!\Do you lke MF position? This position involved in both Striker & Defender positions."
50007,ChoiceClass.ui,『%s』님은 수비 능력이 뛰어나세요!\DF 포지션이 어떠신가요? 팀을 실점의 위기에서 구해내는 포지션이죠. 신나지 않나요?,"『%s』, What a nice defense!\Do you like DF position? It's the position not to lose the goal. Isn't great?","『%s』, What a nice defense!\Do you like DF position? It's the position not to lose the goal. Isn't great?"
50008,ChoiceClass.ui,슈팅,Shooting,Shooting
50009,ChoiceClass.ui,클리어,Ball clear,Ball clear
60001,ChoiceReplay.ui,리플레이,Replay,Replay
60002,ChoiceReplay.ui,포지션,Position,Position
60003,ChoiceReplay.ui,캐릭터이름,Name,Name
60004,ChoiceReplay.ui,득점,Goals,Goals
60005,ChoiceReplay.ui,어시스트,Assist,Assist
60006,ChoiceReplay.ui,평점,Vote,Vote
70001,ChoiceRoom.ui,스킬샵,Skill Shop,Skill Shop
70002,ChoiceRoom.ui,유저정보,Information,Information
70003,ChoiceRoom.ui,아이템샵,Item Shop,Item Shop
70004,ChoiceRoom.ui,인벤토리,Inventory,Inventory
70005,ChoiceRoom.ui,퀘스트,Quest,Quest
70006,ChoiceRoom.ui,귓속말,Whisper,Whisper
70007,ChoiceRoom.ui,방정렬,Order,Order
70008,ChoiceRoom.ui,전직을 수행하지 않았습니다.\전직창으로 이동합니다.,You didn't perform upgrading your\character position. Move to the page for\the job.,You didn't perform upgrading your\character position. Move to the page for\the job.
70009,ChoiceRoom.ui,모두,All,All
70010,ChoiceRoom.ui,일반전,Normal,Normal
70011,ChoiceRoom.ui,대기방,Waiting,Waiting
70012,ChoiceRoom.ui,퀘스트,Quest,Quest
70013,ChoiceRoom.ui,친구추가,Add Friend,Add Friend
70014,ChoiceRoom.ui,차단추가,Add Ignore,Add Ignore
70015,ChoiceRoom.ui,정보보기,Detail,Detail
80001,CreateCharacter.ui,스타일,Style,Style
80002,CreateCharacter.ui,성  별,Gender,Gender
80003,CreateCharacter.ui,캐릭터 이름,Name,Name
80004,CreateCharacter.ui,하  의,Pants,Pants
80005,CreateCharacter.ui,피부색,Skin ,Skin 
80006,CreateCharacter.ui,상  의,Shirts,Shirts
80007,CreateCharacter.ui,신  발,Shoes,Shoes
80008,CreateCharacter.ui,중복체크 버튼을 눌러주세요.,Check,Check
80009,CreateCharacter.ui,달리기,Running,Running
80010,CreateCharacter.ui,드리블,Dribbling,Dribbling
80011,CreateCharacter.ui,순발력,Agility,Agility
80012,CreateCharacter.ui,근  력,Stamina,Stamina
80013,CreateCharacter.ui,탄  력,Jump,Jump
80014,CreateCharacter.ui,몸싸움,Bodycheck,Bodycheck
80015,CreateCharacter.ui,크로스,Crossing,Crossing
80016,CreateCharacter.ui,숏패스,Short Pass,Short Pass
80017,CreateCharacter.ui,롱패스,Long Pass,Long Pass
80018,CreateCharacter.ui,헤딩 슛,Heading,Heading
80019,CreateCharacter.ui,단거리 슛,Short Shots,Short Shots
80020,CreateCharacter.ui,중거리 슛,Long Shots,Long Shots
80021,CreateCharacter.ui,키  핑,Ball Control,Ball Control
80022,CreateCharacter.ui,스  틸,Stealing,Stealing
80023,CreateCharacter.ui,태  클,Tackling,Tackling
80024,CreateCharacter.ui,캐  칭,Catching,Catching
80025,CreateCharacter.ui,펀  칭,Punching,Punching
80026,CreateCharacter.ui,방  어,Defense,Defense
80027,CreateCharacter.ui,능력치,Ability,Ability
80028,CreateCharacter.ui,팀의 득점을 책임지는 포지션,The position to make the goals,The position to make the goals
80029,CreateCharacter.ui,5 레벨시 전직가능,Possible to upgrade position at Lv 5,Possible to upgrade position at Lv 5
80030,CreateCharacter.ui,20 레벨시 전직가능 포지션,Possible to upgrade position at Lv 20,Possible to upgrade position at Lv 20
80031,CreateCharacter.ui,팀의 공/수에 관여하는 포지션,The position involved in both Striker & Defender positions,The position involved in both Striker & Defender positions
80032,CreateCharacter.ui,팀의 실점을 방어하는 포지션,The position not to lose the goals,The position not to lose the goals
80033,CreateCharacter.ui,헤딩슛과 골 결정력이 좋은 포지션,The position for heading & high ball,The position for heading & high ball
80034,CreateCharacter.ui,드리블과 필드골이 뛰어난 포지션,The position for dribbling & field goal,The position for dribbling & field goal
80035,CreateCharacter.ui,빠른 드리블과 크로스가 가능한 포지션,The position for fast dribble & crossing,The position for fast dribble & crossing
80036,CreateCharacter.ui,단거리 슛과 중거리 슛 모두 가능한 포지션,The position for short & long shots,The position for short & long shots
80037,CreateCharacter.ui,중거리 슛팅이 뛰어난 포지션,The position for long shots ,The position for long shots 
80038,CreateCharacter.ui,안정적인 패스가 좋은 포지션,The position for stabilized short passing,The position for stabilized short passing
80039,CreateCharacter.ui,원거리 크로스가 가능한 포지션,The position for long passing & crossing,The position for long passing & crossing
80040,CreateCharacter.ui,상대 공격을 1차 저지하는 포지션,The position for defense at the middle area,The position for defense at the middle area
80041,CreateCharacter.ui,팀의 최후방을 지키는 포지션,The position for defense at the end,The position for defense at the end
80042,CreateCharacter.ui,수비 제공권이 돋보이는 포지션,The position of defense for high ball,The position of defense for high ball
80043,CreateCharacter.ui,대인 마크에 빛을 발하는 포지션,The position of defense for man to man,The position of defense for man to man
80044,CreateCharacter.ui,FW 를 선택하셨네요.\FW는 골에 대한 욕심이 필요하죠.\이제 『%s』님의 특성치는 오른쪽\그래프처럼 성장하게 될 거에요.,"You select FW.\FW need to be greedy for the goal.\Now, 『%s』 will grow like right graph.","You select FW.\FW need to be greedy for the goal.\Now, 『%s』 will grow like right graph."
80045,CreateCharacter.ui,MF 를 선택하셨네요.\MF는 많은 활동량을 필요로 하죠.\이제 『%s』님의 특성치는 오른쪽\그래프처럼 성장하게 될 거에요.,"You select MF.\MF need wide scope of activity.\Now, 『%s』 will grow like right graph.","You select MF.\MF need wide scope of activity.\Now, 『%s』 will grow like right graph."
80046,CreateCharacter.ui,DF 를 선택하셨네요.\DF에게 안정적인 수비력은 필수죠.\이제 『%s』님의 특성치는 오른쪽\그래프처럼 성장하게 될 거에요.,"You select DF.\DF need stable defense ability.\Now, 『%s』 will grow like right graph.","You select DF.\DF need stable defense ability.\Now, 『%s』 will grow like right graph."
80047,CreateCharacter.ui,마지막으로 하나 더.\20레벨이 되어서 2차 전직 때\할 수 있는 포지션을 알려주도록 할께요,One more\Will let you know the positions\for 2nd growth when become Lv 20.,One more\Will let you know the positions\for 2nd growth when become Lv 20.
80048,CreateCharacter.ui,안녕? 반가워요\난 아르미 라고 해요.\여러분이 X-KICK 에서 멋진 선수가 될 때까지\항상 옆에서 도와줄 매니져랍니다.\앞으로 잘 부탁해요.\그럼 우선 캐릭터부터 생성해볼까요?,"Hi! Nice to meet you.\I am ARUMI\I am the manager and will be with\you until you become great player.\Let's get along.\Now, let's create character","Hi! Nice to meet you.\I am ARUMI\I am the manager and will be with\you until you become great player.\Let's get along.\Now, let's create character"
80049,CreateCharacter.ui,원하는 스타일을 결정하도록 하죠.\앞으로 X-KICK 에서\자신을 대신하는 캐릭터가 되는 것이니\신중하게 선택하도록 해요.,"Decide with your style.\This character will play\the match instead of you in X-KICK\So, select with care.","Decide with your style.\This character will play\the match instead of you in X-KICK\So, select with care."
80050,CreateCharacter.ui,지금 『%s』님이 가지고 있는 능력치에요.\지금은 아주 낮고 모든 능력치가 같지만\튜토리얼 이후에 전직을 하게 되면\당신에게 맞는 능력치로 변하게 될 꺼에요.,"It's the current ability of. 『%s』\All the abilities now is very low,\but once you grow after tutorial\the abilities will be suitable for you.","It's the current ability of. 『%s』\All the abilities now is very low,\but once you grow after tutorial\the abilities will be suitable for you."
80051,CreateCharacter.ui,"드리블, 단거리 슛, 키핑","Dribbling, Short shots, Ball control","Dribbling, Short shots, Ball control"
80052,CreateCharacter.ui,"순발력, 중거리 슛, 스틸","Agility, Long shots, Stealing","Agility, Long shots, Stealing"
80053,CreateCharacter.ui,"근력, 스틸, 태클","Stamina, Stealing, Tackling","Stamina, Stealing, Tackling"
80054,CreateCharacter.ui,팀의 공격을 맡아 득점을 책임지는 포지션,The position for scoring the goals,The position for scoring the goals
80055,CreateCharacter.ui,공/수 양면 모두 참여하여 팀원을 돕는 멀티 포지션,The position involved in both Attacking &\Defending positions,The position involved in both Attacking &\Defending positions
80056,CreateCharacter.ui,팀의 최후방에서 실점을 막고 상대의 공격을 방해하는 포지션,The position not to lose the goals and obstructthe opponent players,The position not to lose the goals and obstructthe opponent players
80057,CreateCharacter.ui,1. 뛰어난 제공권을 바탕으로 한 최전방 공격수\2. 순발력 등 스피드 계열의 약점을 골 결정력으로 커버,"1. Striker, having good heading & catching highball abilities\2. Overcome the weakness of agility & speed\by making goal ability.","1. Striker, having good heading & catching highball abilities\2. Overcome the weakness of agility & speed\by making goal ability."
80058,CreateCharacter.ui,1. 안정적인 드리블과 득점에 강한 중앙 공격수\2. 공을 소유한 상태에서의 득점력 최고의 포지션,"1. Center Forward, having good dribbling skill &field goals\2. The best goal-scorer, having a ball.","1. Center Forward, having good dribbling skill &field goals\2. The best goal-scorer, having a ball."
80059,CreateCharacter.ui,1. 폭발적으로 빠른 드리블과 수준 높은 크로스로 측면 공격에 유리한 사이드 공격수\2. 약간의 득점력도 겸비,"1. Wing Forward, having the fasted dribbling\skill & crossing from side\2. Good scorer.","1. Wing Forward, having the fasted dribbling\skill & crossing from side\2. Good scorer."
80060,CreateCharacter.ui,"1. 거리에 상관없이 어디서든 득점이 가능한 공격수\2. 드리블, 키핑 등 개인 능력은 떨어지지만 어시스트와 득점 등 팀 플레이 면에서 최고인 포지션","1. Shadow Striker, possible to make a goal fromanywhere\2. Good assistor & scorer but low dribbling skill &ball control.","1. Shadow Striker, possible to make a goal fromanywhere\2. Good assistor & scorer but low dribbling skill &ball control."
80061,CreateCharacter.ui,"1. 정확한 중거리슛과 어시스트로 공격수에 뒤지지 않는 공격력을 가진 포지션\2. 드리블 능력 또한 준수하지만, 수비력에서 타 미드필더에 비해 뒤떨어짐","1. Attacking Midfielder, delivering a ball to\forward also having the long shot\2. Good dribbler but low defensive ability.","1. Attacking Midfielder, delivering a ball to\forward also having the long shot\2. Good dribbler but low defensive ability."
80062,CreateCharacter.ui,"1. 공격부터 수비까지 간접적인 도움의 영향이 큰, 게임 전반적인 조율이 가능한 포지션\2. 타 포지션에 비해 가장 높은 숏패스 능력치","1. Center Midfielder, controlling of game speedfor Attacking & Defending the both\2. The best passing player.","1. Center Midfielder, controlling of game speedfor Attacking & Defending the both\2. The best passing player."
80063,CreateCharacter.ui,"1. 먼 거리에서도 정확하고 빠른 크로스가 가능한 사이드 포지션\2. WF에 비해 스피드는 떨어지지만, 수비력에서는 앞 선다","1. Side Midfielder, having good dribbling &\crossing\2. The speed is lower than WF, but the\Defending ability is higher.","1. Side Midfielder, having good dribbling &\crossing\2. The speed is lower than WF, but the\Defending ability is higher."
80064,CreateCharacter.ui,"1. 준수한 피지컬과 스틸, 태클 능력 모두 준수한 수비수에 가까운 포지션\2. 공격 포인트를 올리기는 어렵지만, 팀의 수비력을 보강하는데는 최고","1. Defensive Midfielder, having good stealing &tackling\2. Close to Defender, not to make a goal easy\but having good defensive skills.","1. Defensive Midfielder, having good stealing &tackling\2. Close to Defender, not to make a goal easy\but having good defensive skills."
80065,CreateCharacter.ui,1. 팀의 실점을 막아내는 최후방 필드 플레이어\2. 약간의 스피드만 보완한다면 상대의 공격을 막아내기에 최적화,"1. Sweeper, the last player covering the wholearea behind a line of defenders\2. Good defender, but slow player.","1. Sweeper, the last player covering the wholearea behind a line of defenders\2. Good defender, but slow player."
80066,CreateCharacter.ui,1. 상대적으로 빠른 스피드로 상대의 공격을 방어하기에 좋은 포지션\2. 제공권과 태클 등 전체적으로 준수한 수준,"1. Center back, the center of defense blockingthe opponent players with high speed\2. Good for high ball and tackling.","1. Center back, the center of defense blockingthe opponent players with high speed\2. Good for high ball and tackling."
80067,CreateCharacter.ui,1. 상대방 대인마크에 특화된 포지션\2. 제공권에 약점이 있지만 공격 스킬로 상대방에게 압박을 줄 수 있다,"1. Stopper, having good man to man defense\ability\2. Low ability taking high ball but having a\special heading shot at the counter attack.","1. Stopper, having good man to man defense\ability\2. Low ability taking high ball but having a\special heading shot at the counter attack."
80068,CreateCharacter.ui,1. 경기 중 유일하게 손을 쓸 수 있는 포지션\2. 골키퍼 보호구역을 벗어나면 다른 필드플레이어에 비해 운동 능력치는 떨어진다,"1. Goalkeeper, possible to catch the ball in thegoalkeeper to prevent the opposition from\scoring\2. The lowest field player at the out of\goalkeeper area.","1. Goalkeeper, possible to catch the ball in thegoalkeeper to prevent the opposition from\scoring\2. The lowest field player at the out of\goalkeeper area."
80069,CreateCharacter.ui,님의 경기 결과에요,s match result,s match result
80070,CreateCharacter.ui,포지션 설명,Description of the position,Description of the position
80071,CreateCharacter.ui,자동 성장,Automatic growth,Automatic growth
80072,CreateCharacter.ui,전직 보기,Position Tree,Position Tree
80073,CreateCharacter.ui,스킬 리스트,Skill List,Skill List
80074,CreateCharacter.ui,캐릭터생성,CreateCharacter,CreateCharacter
90001,CreateQuest.ui,보상 아이템,Item,Item
90002,CreateQuest.ui,없음,None,None
90003,CreateQuest.ui,포인트,Points,Points
90004,CreateQuest.ui,경험치,EXP,EXP
90005,CreateQuest.ui,퀘스트 상세보기,Quest Detail,Quest Detail
90006,CreateQuest.ui,수행조건 :,Condition :,Condition :
90007,CreateQuest.ui,퀘스트 설명,Description,Description
90008,CreateQuest.ui,레벨제한 :,Level :,Level :
90009,CreateQuest.ui,참여인원 :,Player :,Player :
90010,CreateQuest.ui,반복여부 :,Repetition :,Repetition :
90011,CreateQuest.ui,비밀번호 설정,Password,Password
90012,CreateQuest.ui,정렬,Order,Order
90013,CreateQuest.ui,미완료,Not yet,Not yet
90014,CreateQuest.ui,완료,Done,Done
90015,CreateQuest.ui,레벨 제한,Level,Level
90016,CreateQuest.ui,참여 인원,Player,Player
90017,CreateQuest.ui,반복 여부,Repetition,Repetition
90018,CreateQuest.ui,수행 조건,Condition,Condition
90019,CreateQuest.ui,퀘스트 만들기,New Quest,New Quest
90020,CreateQuest.ui,퀘스트 종류,Quest Type,Quest Type
100001,CreateRoom.ui,방 만들기,Setting,Setting
100002,CreateRoom.ui,인공지능 설정,Set AI,Set AI
100003,CreateRoom.ui,방식 설정,Match type,Match type
100004,CreateRoom.ui,일반방,Normal,Normal
100005,CreateRoom.ui,내기방,Betting,Betting
100006,CreateRoom.ui,방제목,Title,Title
100007,CreateRoom.ui,비밀번호,Password,Password
100008,CreateRoom.ui,인원 설정,Player,Player
100009,CreateRoom.ui,키퍼만허용,Goalee Only,Goalee Only
100010,CreateRoom.ui,전포지션허용,All positions,All positions
100011,CreateRoom.ui,전포지션불가,No AI players,No AI players
100012,CreateRoom.ui,세부설정 표시,Detail,Detail
100013,CreateRoom.ui,20레벨 이상부터 Point 내기경기가 가능합니다,"Possilbe to play the betting match, when you meet the Lv.20","Possilbe to play the betting match, when you meet the Lv.20"
100014,CreateRoom.ui,레벨 설정,Level,Level
100015,CreateRoom.ui,포인트 설정,Betting Points,Betting Points
100016,CreateRoom.ui,300 포인트,Points 300,Points 300
100017,CreateRoom.ui,500 포인트,Points 500,Points 500
100018,CreateRoom.ui,1000 포인트,Points 1000,Points 1000
100019,CreateRoom.ui,포지션 설정,Positons,Positons
100020,CreateRoom.ui,선공 설정,Ball ,Ball 
100021,CreateRoom.ui,시간 설정,Time,Time
100022,CreateRoom.ui,날씨 설정,Weather,Weather
100023,CreateRoom.ui,시간변화허용,Allow changing\Time,Allow changing\Time
100024,CreateRoom.ui,날씨변화허용,Allow changing\Weather,Allow changing\Weather
100025,CreateRoom.ui,클럽전용,Club only,Club only
100026,CreateRoom.ui,관전허용,Observer ,Observer 
100027,CreateRoom.ui,관전자채팅허용,Allow Chat,Allow Chat
100028,CreateRoom.ui,옵션 설정,Options,Options
100029,CreateRoom.ui,격번제,Sequence,Sequence
100030,CreateRoom.ui,랜덤제,Random,Random
100031,CreateRoom.ui,± 5레벨,LEVEL ±5,LEVEL ±5
100032,CreateRoom.ui,± 10레벨,LEVEL ±10,LEVEL ±10
100033,CreateRoom.ui,전체,ALL,ALL
100034,CreateRoom.ui,싱글,Single,Single
100035,CreateRoom.ui,AI 카드 대전,AI card match,Ladder
110001,GameLoading.ui,관전자 1,Observer 1,Observer 1
110002,GameLoading.ui,관전자 2,Observer 2,Observer 2
110003,GameLoading.ui,관전자 3,Observer 3,Observer 3
110004,GameLoading.ui,관전자 4,Observer 4,Observer 4
120001,GamePlay.ui,+ 100 포인트,+ 100 Points,+ 100 Points
120002,GamePlay.ui,골을 기록하라!,Score the goal!,Score the goal!
120003,GamePlay.ui,승리를 지켜라!,Keep the victiory!,Keep the victiory!
120004,GamePlay.ui,반드시 승리하라!,Be sure to Win!,Be sure to Win!
130001,GameResult.ui,점수,Score,Score
130002,GameResult.ui,MVP,MVP,MVP
130003,GameResult.ui,팀성적,Team Stats,Team Stats
130004,GameResult.ui,컷팅,Cutting,Cutting
130005,GameResult.ui,유효슈팅,Shots,Shots
130006,GameResult.ui,유효스틸,Steals,Steals
130007,GameResult.ui,유효태클,Tackles,Tackles
130008,GameResult.ui,점유율,Possession,Possession
130009,GameResult.ui,프로모션,Promotion,Promotion
130010,GameResult.ui,이름,Name,Name
130011,GameResult.ui,보상내역,Reward  ,Reward  
130012,GameResult.ui,보너스 카드내역,Bonus Card,Bonus Card
130013,GameResult.ui,퀘스트 설명,Quest Description,Quest Description
130014,GameResult.ui,축하합니다.!\레벨 10을 달성 하였습니다.\전직창으로 이동합니다.,Congratulations!\Achieve Lv.10\Move to the page for upgrading your character.,Congratulations!\Achieve Lv.10\Move to the page for upgrading your character.
130015,GameResult.ui,게임결과,GameResult,GameResult
140001,GameResult_open.ui,결과보기,Game Result,Game Result
150001,ItemBag.ui,브랜드,Brand,Brand
150002,ItemBag.ui,히트,Hit,Hit
150003,ItemBag.ui,신규,New,New
150004,ItemBag.ui,카트,Cart,Cart
150005,ItemBag.ui,전체,All,All
150006,ItemBag.ui,머리,Head,Head
150007,ItemBag.ui,얼굴,Face,Face
150008,ItemBag.ui,얼굴 페인트,Face Painting,Face Painting
150009,ItemBag.ui,하의,Pants,Pants
150010,ItemBag.ui,상의,Shirts,Shirts
150011,ItemBag.ui,장갑,Gloves,Gloves
150012,ItemBag.ui,신발,Shoes,Shoes
150013,ItemBag.ui,양말,Socks,Socks
150014,ItemBag.ui,귀걸이,Earrings,Earrings
150015,ItemBag.ui,안경,Glasses,Glasses
150016,ItemBag.ui,목걸이,Necklaces,Necklaces
150017,ItemBag.ui,마스크,Masks,Masks
150018,ItemBag.ui,팔목보호대,Elbow Bands,Elbow Bands
150019,ItemBag.ui,손목보호대,Wrist Bands,Wrist Bands
150020,ItemBag.ui,무릅보호대,Knee Guards,Knee Guards
150021,ItemBag.ui,응원도구,Cheering Tools,Cheering Tools
150022,ItemBag.ui,슬롯,Slots,Slots
150023,ItemBag.ui,드링크,Drinks,Drinks
150024,ItemBag.ui,바,Bars,Bars
150025,ItemBag.ui,전체,All,All
150026,ItemBag.ui,스킬 레벨,Skill Lv.,Skill Lv.
150027,ItemBag.ui,피로도,Fatigue,Fatigue
150028,ItemBag.ui,레벨,Level,Level
150029,ItemBag.ui,S랭크,Rank S,Rank S
150030,ItemBag.ui,A랭크,Rank A,Rank A
150031,ItemBag.ui,B랭크,Rank B,Rank B
150032,ItemBag.ui,C랭크,Rank C,Rank C
150033,ItemBag.ui,D랭크,Rank D,Rank D
150034,ItemBag.ui,소포,Parcel,Parcel
150035,ItemBag.ui,머플러,Muffler,Muffler
150036,ItemBag.ui,가방,Backpack,Backpack
150037,ItemBag.ui,공격,Attack,Attack
150038,ItemBag.ui,미들,Middle,Middle
150039,ItemBag.ui,수비,Defense,Defense
150040,ItemBag.ui,재료,Element,Element
150041,ItemBag.ui,AI카드 정보,AI Card Info,AI Card Info
160001,ItemDialog.ui,아이템 구매,Buy Item,Buy Item
160002,ItemDialog.ui,P,P,P
160003,ItemDialog.ui,C,C,C
160004,ItemDialog.ui,보유 포인트,Your Balance,Your Balance
160005,ItemDialog.ui,구입 포인트,Item Price,Item Price
160006,ItemDialog.ui,구매후 남은 포인트,New Balance,New Balance
160007,ItemDialog.ui,아이템을 구매 하시겠습니까?,Would you like to buy the item?,Would you like to buy the item?
160008,ItemDialog.ui,메세지를 입력해주세요.,Message,Message
160009,ItemDialog.ui,등록된 친구찾기,Find Friend,Find Friend
160010,ItemDialog.ui,아이템을 선물 하시겠습니까?,Would you like to gift the item?,Would you like to gift the item?
160011,ItemDialog.ui,아이템을 교환 하시겠습니까?,Would you like to exchange the item?,Would you like to exchange the item?
160012,ItemDialog.ui,카드 구매,Buy Card,Buy Card
160013,ItemDialog.ui,카드를 구매 하시겠습니까?,Would you like to buy the card?,Would you like to buy the card?
170001,ItemShop.ui,유니폼,Uniform,Uniform
170002,ItemShop.ui,숫자,Number,Number
170003,ItemShop.ui,음식,Foods,Foods
170004,ItemShop.ui,오늘 구매 가능한 상품입니다.\새 상품 도착 시간 : 매일 밤 12시,The items possible to buy today.\The new items will come every 12:00am.,The items possible to buy today.\The new items will come every 12:00am.
170005,ItemShop.ui,모든카드,All Cards,All Cards
170006,ItemShop.ui,포지션별,by Position,by Position
170007,ItemShop.ui,행동유형,Moving Pattern,Moving Pattern
170008,ItemShop.ui,무난한 D등급. 흠.... ,Congratulation! You take a D grade card,Congratulation! You take a D grade card
170009,ItemShop.ui,C등급. 그래도 성능은 좋아요 ^^,Congratulation! You take a C grade card,Congratulation! You take a C grade card
170010,ItemShop.ui,와우! B등급? 이 정도면 중박?,Congratulation! You take a B grade card,Congratulation! You take a B grade card
170011,ItemShop.ui,축하합니다~ A등급을 획득하셨네요,Congratulation! You take a A grade card,Congratulation! You take a A grade card
170012,ItemShop.ui,대박~! S등급이에요!!!,Congratulation! You take a S grade card,Congratulation! You take a S grade card
180001,MessageBox.ui,메시지,Message,Message
190001,Option.ui,게임 옵션,Game Option,Game Option
190002,Option.ui,카메라,Camera,Camera
190003,Option.ui,줌인 / 아웃,Zoom,Zoom
190004,Option.ui,이름표시,Names,Names
190005,Option.ui,허용,Enable,Enable
190006,Option.ui,거부,Disable,Disable
190007,Option.ui,초대,Invitation,Invitation
190008,Option.ui,효과음,Effect Sound,Effect Sound
190009,Option.ui,배경음,BGM,BGM
190010,Option.ui,없음,Hide,Hide
190011,Option.ui,모두,All,All
190012,Option.ui,타겟,Target,Target
190013,Option.ui,팀,Team,Team
190014,Option.ui,각도조절,View point\Control,View point\Control
190015,Option.ui,감마,Gamma,Gamma
190016,Option.ui,게임 화면,Screen Mode,Screen Mode
190017,Option.ui,풀화면,Full,Full
190018,Option.ui,윈도우,Window,Window
190019,Option.ui,안티앨리애싱,Anti-Aliasing,Anti-Aliasing
190020,Option.ui,날씨 효과,Weather Effect,Weather Effect
190021,Option.ui,게임 효과,Game Effect,Game Effect
190022,Option.ui,배경 효과,BG.Effect,BG.Effect
190023,Option.ui,그림자,Shadow,Shadow
190024,Option.ui,끄기,Visible,Visible
190025,Option.ui,켜기,Hide,Hide
190026,Option.ui,블룸 효과,Bloom Effect,Bloom Effect
190027,Option.ui,게임 모드,Game Mode,Game Mode
190028,Option.ui,노멀,Normal,Normal
190029,Option.ui,와이드,Wide,Wide
190030,Option.ui,낮음,Low,Low
190031,Option.ui,보통,Normal,Normal
190032,Option.ui,높음,High,High
190033,Option.ui,반사 효과,Reflection Effect,Reflection Effect
190034,Option.ui,반사 맵,Reflection Map,Reflection Map
190035,Option.ui,캐릭터 광원,Character Light,Character Light
190036,Option.ui,사양 선택,PC Specification,PC Specification
190037,Option.ui,저사양,Low,Low
190038,Option.ui,중사양,Medium,Medium
190039,Option.ui,고사양,High,High
190040,Option.ui,컨트롤러 선택,Controller,Controller
190041,Option.ui,상 이동,Front Move,Front Move
190042,Option.ui,키보드,Keyboard,Keyboard
190043,Option.ui,공격시,Offense,Offense
190044,Option.ui,키설정,Key setting,Key setting
190045,Option.ui,수비시,Defense,Defense
190046,Option.ui,빠른 달리기,Fast Running,Fast Running
190047,Option.ui,빠른 드리블,Fast Dribble,Fast Dribble
190048,Option.ui,스틸,Steal,Steal
190049,Option.ui,개인기,Skills,Skills
190050,Option.ui,태클,Tackle,Tackle
190051,Option.ui,스크린,Screen,Screen
190052,Option.ui,스루 패스,Thru Pass,Thru Pass
190053,Option.ui,다이렉트 숏패스,Direct Short pass,Direct Short pass
190054,Option.ui,숏 패스,Short pass,Short pass
190055,Option.ui,다이렉트 롱패스,Direct Long pass,Direct Long pass
190056,Option.ui,롱 패스,Long pass,Long pass
190057,Option.ui,다이렉트 우측슈팅,Right Direct shot,Right Direct shot
190058,Option.ui,우측 슈팅,Right Shot,Right Shot
190059,Option.ui,다이렉트 좌측슈팅,Left Direct Shot,Left Direct Shot
190060,Option.ui,좌측 슈팅,Left Shot,Left Shot
190061,Option.ui,우 이동,Right Move,Right Move
190062,Option.ui,좌 이동,Left Move,Left Move
190063,Option.ui,하 이동,Back Move,Back Move
190064,Option.ui,빠른 달리기2,Fast Running2,Fast Running2
190065,Option.ui,빠른 드리블2,Fast Dribble2,Fast Dribble2
190066,Option.ui,음악 트랙수,Track,Track
190067,Option.ui,기본 BGM,Default BGM,Default BGM
190068,Option.ui,사용자 BGM,User BGM,User BGM
190069,Option.ui,검색된 파일 리스트,Retrieved File List,Retrieved File List
190070,Option.ui,수고하셨습니다!,Thank you very much!,Thank you very much!
190071,Option.ui,기본,Default,Default
190072,Option.ui,설정,Change,Change
190073,Option.ui,화이팅!,Cheer Up!,Cheer Up!
190074,Option.ui,괜찮아요,It's ok,It's ok
190075,Option.ui,미안해요,My bad,My bad
190076,Option.ui,나이스 트라이!,Nice Try!,Nice Try!
190077,Option.ui,나이스 클리어!,Nice Clear!,Nice Clear!
190078,Option.ui,나이스 패스!,Nice Pass!,Nice Pass!
190079,Option.ui,나이스 슛!,Nice Shoot!,Nice Shoot!
190080,Option.ui,언어 선택,Language ,Language 
190081,Option.ui,조이스틱,Joystick,Joystick
190082,Option.ui,기본설정,Default,Default
190083,Option.ui,추가설정,Special Keys,Special Keys
190084,Option.ui,기본값,Default,Default
190085,Option.ui,설정값,User,User
190086,Option.ui,적용,Adjust,Adjust
200001,PasswordBox.ui,비밀번호,Password,Password
200002,PasswordBox.ui,비밀번호를 입력해주세요.,Input password,Input password
210001,PlayerInformation.ui,내 정보,My Information,My Information
210002,PlayerInformation.ui,통산,Total,Total
210003,PlayerInformation.ui,월별,Monthly,Monthly
210004,PlayerInformation.ui,출전,Matches,Matches
210005,PlayerInformation.ui,횟수,N of Times,N of Times
210006,PlayerInformation.ui,순위,Ranking,Ranking
210007,PlayerInformation.ui,수상내역,My trophies,My trophies
210008,PlayerInformation.ui,기본정보,Play Info.,Play Info.
210009,PlayerInformation.ui,소비아이템,Consumption,Consumption
210010,PlayerInformation.ui,거래내역,Trade List,Trade List
210011,PlayerInformation.ui,클  럽 :,Club:,Club:
210012,PlayerInformation.ui,레  벨 :,Level:,Level:
210013,PlayerInformation.ui,호  칭 :,Title:,Title:
210014,PlayerInformation.ui,포지션 :,Position:,Position:
210015,PlayerInformation.ui,상  태 :,Status:,Status:
210016,PlayerInformation.ui,이  름 :,Name:,Name:
210017,PlayerInformation.ui,자동성장,Auto Growth,Auto Growth
210018,PlayerInformation.ui,남은 능력치,Bonus Points,Bonus Points
210019,PlayerInformation.ui,사용,Status,Status
210020,PlayerInformation.ui,아이템명,Item name,Item name
210021,PlayerInformation.ui,효과,Effection,Effection
210022,PlayerInformation.ui,개수,Quantity,Quantity
210023,PlayerInformation.ui,날짜,Date,Date
210024,PlayerInformation.ui,품명,Name,Name
210025,PlayerInformation.ui,형태,Type,Type
210026,PlayerInformation.ui,금액,Amount ,Amount 
210027,PlayerInformation.ui,상패,Trophy ,Trophy 
210028,PlayerInformation.ui,이번분기내역,This quarter,This quarter
210029,PlayerInformation.ui,지난분기내역,Last quarter,Last quarter
210030,PlayerInformation.ui,클럽원 리스트,Club member list,Club member list
210031,PlayerInformation.ui,친구 리스트,Friend list,Friend list
210032,PlayerInformation.ui,차단 리스트,Black list,Black list
210033,PlayerInformation.ui,상태,Status,Status
210034,PlayerInformation.ui,클럽 정보,Club Info.,Club Info.
210035,PlayerInformation.ui,클럽원,Club member,Club member
210036,PlayerInformation.ui,클럽명,Club name,Club name
210037,PlayerInformation.ui,회원수,Qty of member,Qty of member
210038,PlayerInformation.ui,클럽장,Captain,Captain
210039,PlayerInformation.ui,부클럽장,Vice captain,Vice captain
210040,PlayerInformation.ui,클럽포인트,Club Point,Club Point
210041,PlayerInformation.ui,평균평점,Avg. Vote,Avg. Vote
210042,PlayerInformation.ui,랭킹,Rnaking,Rnaking
210043,PlayerInformation.ui,경기수,Match(es),Match(es)
210044,PlayerInformation.ui,출전시간,Playing Time,Playing Time
210045,PlayerInformation.ui,클럽,Club,Club
220001,SkillBag.ui,보유스킬,Skills,Skills
220002,SkillBag.ui,상대스킬,Others,Others
220003,SkillBag.ui,스킬레벨,Level,Level
220004,SkillBag.ui,Lv,Lv.,Lv.
220005,SkillBag.ui,쿨타임,Cool Time,Cool Time
220006,SkillBag.ui,적    용,Effect,Effect
220007,SkillBag.ui,1 레벨,Lv.1,Lv.1
220008,SkillBag.ui,2 레벨,Lv.2,Lv.2
220009,SkillBag.ui,3 레벨,Lv.3,Lv.3
220010,SkillBag.ui,[사용키],[Keys],[Keys]
220011,SkillBag.ui,[설 명],[Description],[Description]
220012,SkillBag.ui,남은 스킬치,Skill Points,Skill Points
230001,SkillDialog.ui,스킬 구매,Buy Skill,Buy Skill
230002,SkillDialog.ui,스킬을 구매 하시겠습니까?,Would you like to buy the skill?,Would you like to buy the skill?
230003,SkillDialog.ui,트레이닝을 구매 하시겠습니까?,Would you like to buy the trainning?,Would you like to buy the trainning?
230004,SkillDialog.ui,세레모니를 구매 하시겟습니까?,Would you like to buy the ceremony?,Would you like to buy the ceremony?
240001,SkillShop.ui,나의스킬,My Skills,My Skills
250001,SkillView.ui,스킬 보기,Preview,Preview
260001,TutorialMain.ui,보상품:,Reward:,Reward:
260002,TutorialMain.ui,상대 GK AI를 상대로\AI 두 명과 함께 공격하여제한 시간 내에 골을\기록하라.,Score the goal with 2\AI team members!\Make the goals as much as you could within given\time. ,Score the goal with 2\AI team members!\Make the goals as much as you could within given\time. 
260003,TutorialMain.ui,GK AI와 협동하여\제한 시간 내에\상대 AI들의 공격을\방어하라.,Keep the victiory with\AI team member!\Defense from opponent\AI players within given\time.,Keep the victiory with\AI team member!\Defense from opponent\AI players within given\time.
260004,TutorialMain.ui,제한 시간 내에 경기를\진행하여\반드시 승리하라.,Be sure to win!\Win the match with\limited condition.,Be sure to win!\Win the match with\limited condition.
260005,TutorialMain.ui,1골 이상 기록,Make more than 1 goal,Make more than 1 goal
260006,TutorialMain.ui,1점 이하 실점,Don't lose more than\2 goals,Don't lose more than\2 goals
260007,TutorialMain.ui,1골차 이상으로 승리,Win the match with more than 1 goal,Win the match with more than 1 goal
260008,TutorialMain.ui,+ 3000 포인트, + 3000 Points, + 3000 Points
260009,TutorialMain.ui,연습생 퀘스트,Trainee Quest,Trainee Quest
270001,TutorialPlay.ui,튜토리얼 진행사항,Status,Status
270002,TutorialPlay.ui,"키보드 설정은 서버 접속 후 게임옵션의 ""키설정""에서 변경 가능 합니다.",Possible to change the control buttons at the key setting of Game option.,Possible to change the control buttons at the key setting of Game option.
270003,TutorialPlay.ui,해당 키 입력 후 재 입력 또는 해당 키 1초 이상 누름.,Press the key again after press the key or keep pressing the key more than 1 sec,Press the key again after press the key or keep pressing the key more than 1 sec
270004,TutorialPlay.ui,왼쪽 방향 슈팅 : D / 오른쪽 방향 슈팅 : F,Left shot: D /Right shot: F,Left shot: D /Right shot: F
270005,TutorialPlay.ui,공을 소유하기 전 미리 키 입력 (연타),Press the key before the ball arrives,Press the key before the ball arrives
270006,TutorialPlay.ui,다이렉트 패스 방법 : 공 소유 전 미리 입력 (연타),Direct pass: Press S or A key before the ball arrives,Direct pass: Press S or A key before the ball arrives
270007,TutorialPlay.ui,공을 소유한 캐릭터와의 거리가 가까울수록 성공 확률 증가.,Tackling from the close range has an higher success rate,Tackling from the close range has an higher success rate
270008,TutorialPlay.ui,공을 소유 하기 전 미리 키 입력 (연타),Press the key before the ball arrives,Press the key before the ball arrives
280001,QuestMain.ui,유저들과의 경기를 치루기 이전에 AI들로 구성된 팀과 미리 경기를 수행해봄으로써 게임의 재미를 느끼게 하는 중간 튜토리얼 과정이다.,"It's a middle level tutorial, which have a test match with AI team before having the real match with users.","It's a middle level tutorial, which have a test match with AI team before having the real match with users."
290001,GameResult.ui,퀘스트 No.,Quest No.,Quest No.
300001,TutorialGuide.ui,캐릭터 능력치에 대한 내용입니다\알고 시작하면 좋겠죠?,That is for the basic abilities.\Need to know before starting!,That is for the basic abilities.\Need to know before starting!
300002,TutorialGuide.ui,- 슈   팅,- Shooting,- Shooting
300003,TutorialGuide.ui,- 숏 패스,- Short pass,- Short pass
300004,TutorialGuide.ui,- 롱 패스,- Long pass,- Long pass
300005,TutorialGuide.ui,- 태   클,- Tackle,- Tackle
300006,TutorialGuide.ui,(D 왼쪽 슛\F 오른쪽 슛),"(D Left shot, F Right shot)","(D Left shot, F Right shot)"
300007,TutorialGuide.ui,일반 이동 능력,Normal moving,Normal moving
300008,TutorialGuide.ui,공 소유 상태 이동 능력,Moving with ball,Moving with ball
300009,TutorialGuide.ui,빠른 이동 능력,Quick moving,Quick moving
300010,TutorialGuide.ui,빠른 이동의 지속 능력,Increase the time to use 'Agility' ,Increase the time to use 'Agility' 
300011,TutorialGuide.ui,공에 대한 선점 능력,Prior occupation for high ball,Prior occupation for high ball
300012,TutorialGuide.ui,상대와 부딪혀 이길 능력,Struggling against opponent player to have the ball,Struggling against opponent player to have the ball
300013,TutorialGuide.ui,크로스의 세기 + 해당 공을 슛팅 성공 가능성,Controlling the power of ball crossing,Controlling the power of ball crossing
300014,TutorialGuide.ui,숏 패스의 세기 + 해당 공을 슛팅 성공 가능성,Controlling the power of passing,Controlling the power of passing
300015,TutorialGuide.ui,롱 패스의 세기 + 해당 공을 슛팅 성공 가능성,Controlling the power of long passing,Controlling the power of long passing
300016,TutorialGuide.ui,공 소유 능력,Keeping the ball,Keeping the ball
300017,TutorialGuide.ui,빠르게 공을 빼앗는 능력,Taking the ball from a opponent player,Taking the ball from a opponent player
300018,TutorialGuide.ui,강력하게 공을 빼앗는 능력,Taking the ball from a opponent player by tackling,Taking the ball from a opponent player by tackling
300019,TutorialGuide.ui,헤딩 슛팅의 성공 가능성,Increase the accuracy of heading shot ,Increase the accuracy of heading shot 
300020,TutorialGuide.ui,단거리 슛팅 가능 지역 내 슛팅의 성공 가능성,Increase the accuracy of short shot ,Increase the accuracy of short shot 
300021,TutorialGuide.ui,중거리 슛팅 가능 지역 내 슛팅의 성공 가능성,Increase the accuracy of long shot ,Increase the accuracy of long shot 
300022,TutorialGuide.ui,『 체력 관련 특성치 자세히 보기 』,『 Learn more physical Status 』,『 Learn more physical Status 』
300023,TutorialGuide.ui,『 방어 관련 특성치 자세히 보기 』,『 Learn more defensive Status 』,『 Learn more defensive Status 』
300024,TutorialGuide.ui,『 개인기 관련 특성치 자세히 보기 』,『 Learn more technique Status 』,『 Learn more technique Status 』
300025,TutorialGuide.ui,『 공격 관련 특성치 자세히 보기 』,『 Learn more offensive Status 』,『 Learn more offensive Status 』
300026,TutorialGuide.ui,『 패스 관련 특성치 자세히 보기 』,『 Learn more passing Status 』,『 Learn more passing Status 』
300027,TutorialGuide.ui,- 스크린,- Screen,- Screen
300028,TutorialGuide.ui,- 스   틸,- Steal,- Steal
310001,InvenDialog.ui,엔트리 1,Entry 1,Entry 1
310002,InvenDialog.ui,엔트리 2,Entry 2,Entry 2
310003,InvenDialog.ui,엔트리 3,Entry 3,Entry 3
